Table,Section
EXT_AS_NZS_Accessories,ASN-Unavailable
EXT_AS_NZS_Bridging_Rod,RD DIMOND RODBRIDGE
EXT_AS_NZS_Bridging_Rod,RD LYSAGHT RODBRIDGE
EXT_AS_NZS_Bridging_Rod,RD METALCRAFT RODBRIDGE
EXT_AS_NZS_Bridging_Rod,RD STRAMIT RODBRIDGE
EXT_AS_NZS_Bridging_Std,CCF DIMOND BRIDGE
EXT_AS_NZS_Bridging_Std,CCF LYSAGHT BRIDGE
EXT_AS_NZS_Bridging_Std,CCF METALCRAFT BRIDGE
EXT_AS_NZS_Bridging_Std,CCF STRAMIT BRIDGE
EXT_AS_NZS_BT,BT100x11.2
EXT_AS_NZS_BT,BT100x12.7
EXT_AS_NZS_BT,BT100x14.9
EXT_AS_NZS_BT,BT100x9.1
EXT_AS_NZS_BT,BT125x12.9
EXT_AS_NZS_BT,BT125x15.7
EXT_AS_NZS_BT,BT125x18.7
EXT_AS_NZS_BT,BT155x16.0
EXT_AS_NZS_BT,BT155x20.2
EXT_AS_NZS_BT,BT155x23.1
EXT_AS_NZS_BT,BT180x22.4
EXT_AS_NZS_BT,BT180x25.4
EXT_AS_NZS_BT,BT180x28.4
EXT_AS_NZS_BT,BT205x26.9
EXT_AS_NZS_BT,BT205x29.9
EXT_AS_NZS_BT,BT230x33.6
EXT_AS_NZS_BT,BT230x37.3
EXT_AS_NZS_BT,BT230x41.1
EXT_AS_NZS_BT,BT265x41.0
EXT_AS_NZS_BT,BT265x46.3
EXT_AS_NZS_BT,BT305x50.5
EXT_AS_NZS_BT,BT305x56.5
EXT_AS_NZS_BT,BT305x62.5
EXT_AS_NZS_BT,BT75x7.0
EXT_AS_NZS_BT,BT75x9.0
EXT_AS_NZS_BT,BT90x11.1
EXT_AS_NZS_BT,BT90x8.1
EXT_AS_NZS_BT,BT90x9.1
EXT_AS_NZS_CA,CA 45x45x2.5
EXT_AS_NZS_CA,CA 45x45x4.0
EXT_AS_NZS_CA,CA 50x50x2.5
EXT_AS_NZS_CA,CA 50x50x4.0
EXT_AS_NZS_CA,CA 50x50x5.0
EXT_AS_NZS_CA,CA 50x50x6.0
EXT_AS_NZS_CA,CA 65x65x4.0
EXT_AS_NZS_CA,CA 65x65x5.0
EXT_AS_NZS_CA,CA 65x65x6.0
EXT_AS_NZS_CA,CA 75x50x4.0
EXT_AS_NZS_CA,CA 75x50x5.0
EXT_AS_NZS_CA,CA 75x50x6.0
EXT_AS_NZS_CA,CA 75x75x4.0
EXT_AS_NZS_CA,CA 75x75x5.0
EXT_AS_NZS_CA,CA 75x75x6.0
EXT_AS_NZS_CA,CA 75x75x7.0
EXT_AS_NZS_CA,CA 75x75x8.0
EXT_AS_NZS_CA,CA 90x90x4.0
EXT_AS_NZS_CA,CA 90x90x5.0
EXT_AS_NZS_CA,CA 90x90x6.0
EXT_AS_NZS_CA,CA 90x90x7.0
EXT_AS_NZS_CA,CA 90x90x8.0
EXT_AS_NZS_CC,CCF 100x50x4.0
EXT_AS_NZS_CC,CCF 125x65x4.0
EXT_AS_NZS_CC,CCF 150x75x5.0
EXT_AS_NZS_CC,CCF 180x75x5.0
EXT_AS_NZS_CC,CCF 200x75x5.0
EXT_AS_NZS_CC,CCF 200x75x6.0
EXT_AS_NZS_CC,CCF 230x75x6.0
EXT_AS_NZS_CC,CCF 250x90x6.0
EXT_AS_NZS_CC,CCF 300x90x6.0
EXT_AS_NZS_CC,CCF 300x90x7.0
EXT_AS_NZS_CC,CCF 300x90x8.0
EXT_AS_NZS_CC,CCF 75x40x4.0
EXT_AS_NZS_CF,CF 100x10.0
EXT_AS_NZS_CF,CF 100x12.0
EXT_AS_NZS_CF,CF 100x16.0
EXT_AS_NZS_CF,CF 100x20.0
EXT_AS_NZS_CF,CF 100x25.0
EXT_AS_NZS_CF,CF 100x4.0
EXT_AS_NZS_CF,CF 100x5.0
EXT_AS_NZS_CF,CF 100x50.0
EXT_AS_NZS_CF,CF 100x6.0
EXT_AS_NZS_CF,CF 100x8.0
EXT_AS_NZS_CF,CF 110x10.0
EXT_AS_NZS_CF,CF 110x12.0
EXT_AS_NZS_CF,CF 110x16.0
EXT_AS_NZS_CF,CF 110x5.0
EXT_AS_NZS_CF,CF 110x6.0
EXT_AS_NZS_CF,CF 110x8.0
EXT_AS_NZS_CF,CF 130x10.0
EXT_AS_NZS_CF,CF 130x12.0
EXT_AS_NZS_CF,CF 130x16.0
EXT_AS_NZS_CF,CF 130x20.0
EXT_AS_NZS_CF,CF 130x25.0
EXT_AS_NZS_CF,CF 130x4.0
EXT_AS_NZS_CF,CF 130x40.0
EXT_AS_NZS_CF,CF 130x5.0
EXT_AS_NZS_CF,CF 130x6.0
EXT_AS_NZS_CF,CF 130x8.0
EXT_AS_NZS_CF,CF 150x10.0
EXT_AS_NZS_CF,CF 150x12.0
EXT_AS_NZS_CF,CF 150x16.0
EXT_AS_NZS_CF,CF 150x20.0
EXT_AS_NZS_CF,CF 150x25.0
EXT_AS_NZS_CF,CF 150x32.0
EXT_AS_NZS_CF,CF 150x4.0
EXT_AS_NZS_CF,CF 150x40.0
EXT_AS_NZS_CF,CF 150x5.0
EXT_AS_NZS_CF,CF 150x50.0
EXT_AS_NZS_CF,CF 150x6.0
EXT_AS_NZS_CF,CF 150x8.0
EXT_AS_NZS_CF,CF 160x5.0
EXT_AS_NZS_CF,CF 16x10.0
EXT_AS_NZS_CF,CF 16x5.0
EXT_AS_NZS_CF,CF 16x6.0
EXT_AS_NZS_CF,CF 16x8.0
EXT_AS_NZS_CF,CF 180x10.0
EXT_AS_NZS_CF,CF 180x12.0
EXT_AS_NZS_CF,CF 180x16.0
EXT_AS_NZS_CF,CF 180x20.0
EXT_AS_NZS_CF,CF 180x25.0
EXT_AS_NZS_CF,CF 180x5.0
EXT_AS_NZS_CF,CF 180x6.0
EXT_AS_NZS_CF,CF 190x5.0
EXT_AS_NZS_CF,CF 200x10.0
EXT_AS_NZS_CF,CF 200x12.0
EXT_AS_NZS_CF,CF 200x16.0
EXT_AS_NZS_CF,CF 200x20.0
EXT_AS_NZS_CF,CF 200x25.0
EXT_AS_NZS_CF,CF 200x5.0
EXT_AS_NZS_CF,CF 200x6.0
EXT_AS_NZS_CF,CF 200x8.0
EXT_AS_NZS_CF,CF 20x10.0
EXT_AS_NZS_CF,CF 20x3.0
EXT_AS_NZS_CF,CF 20x5.0
EXT_AS_NZS_CF,CF 20x6.0
EXT_AS_NZS_CF,CF 22x6.0
EXT_AS_NZS_CF,CF 250x10.0
EXT_AS_NZS_CF,CF 250x12.0
EXT_AS_NZS_CF,CF 250x16.0
EXT_AS_NZS_CF,CF 250x20.0
EXT_AS_NZS_CF,CF 250x25.0
EXT_AS_NZS_CF,CF 250x5.0
EXT_AS_NZS_CF,CF 250x6.0
EXT_AS_NZS_CF,CF 250x8.0
EXT_AS_NZS_CF,CF 25x10.0
EXT_AS_NZS_CF,CF 25x12.0
EXT_AS_NZS_CF,CF 25x3.0
EXT_AS_NZS_CF,CF 25x5.0
EXT_AS_NZS_CF,CF 25x6.0
EXT_AS_NZS_CF,CF 25x8.0
EXT_AS_NZS_CF,CF 300x10.0
EXT_AS_NZS_CF,CF 300x12.0
EXT_AS_NZS_CF,CF 300x16.0
EXT_AS_NZS_CF,CF 300x20.0
EXT_AS_NZS_CF,CF 300x25.0
EXT_AS_NZS_CF,CF 300x5.0
EXT_AS_NZS_CF,CF 300x6.0
EXT_AS_NZS_CF,CF 300x8.0
EXT_AS_NZS_CF,CF 32x10.0
EXT_AS_NZS_CF,CF 32x12.0
EXT_AS_NZS_CF,CF 32x3.0
EXT_AS_NZS_CF,CF 32x5.0
EXT_AS_NZS_CF,CF 32x6.0
EXT_AS_NZS_CF,CF 32x8.0
EXT_AS_NZS_CF,CF 40x10.0
EXT_AS_NZS_CF,CF 40x12.0
EXT_AS_NZS_CF,CF 40x16.0
EXT_AS_NZS_CF,CF 40x20.0
EXT_AS_NZS_CF,CF 40x3.0
EXT_AS_NZS_CF,CF 40x5.0
EXT_AS_NZS_CF,CF 40x6.0
EXT_AS_NZS_CF,CF 40x8.0
EXT_AS_NZS_CF,CF 45x10.0
EXT_AS_NZS_CF,CF 45x12.0
EXT_AS_NZS_CF,CF 45x5.0
EXT_AS_NZS_CF,CF 45x6.0
EXT_AS_NZS_CF,CF 45x8.0
EXT_AS_NZS_CF,CF 50x10.0
EXT_AS_NZS_CF,CF 50x12.0
EXT_AS_NZS_CF,CF 50x16.0
EXT_AS_NZS_CF,CF 50x20.0
EXT_AS_NZS_CF,CF 50x25.0
EXT_AS_NZS_CF,CF 50x3.0
EXT_AS_NZS_CF,CF 50x4.0
EXT_AS_NZS_CF,CF 50x5.0
EXT_AS_NZS_CF,CF 50x6.0
EXT_AS_NZS_CF,CF 50x8.0
EXT_AS_NZS_CF,CF 55x10.0
EXT_AS_NZS_CF,CF 55x5.0
EXT_AS_NZS_CF,CF 55x6.0
EXT_AS_NZS_CF,CF 65x10.0
EXT_AS_NZS_CF,CF 65x12.0
EXT_AS_NZS_CF,CF 65x16.0
EXT_AS_NZS_CF,CF 65x20.0
EXT_AS_NZS_CF,CF 65x25.0
EXT_AS_NZS_CF,CF 65x3.0
EXT_AS_NZS_CF,CF 65x4.0
EXT_AS_NZS_CF,CF 65x5.0
EXT_AS_NZS_CF,CF 65x6.0
EXT_AS_NZS_CF,CF 65x8.0
EXT_AS_NZS_CF,CF 70x5.0
EXT_AS_NZS_CF,CF 75x10.0
EXT_AS_NZS_CF,CF 75x12.0
EXT_AS_NZS_CF,CF 75x16.0
EXT_AS_NZS_CF,CF 75x20.0
EXT_AS_NZS_CF,CF 75x25.0
EXT_AS_NZS_CF,CF 75x4.0
EXT_AS_NZS_CF,CF 75x40.0
EXT_AS_NZS_CF,CF 75x5.0
EXT_AS_NZS_CF,CF 75x6.0
EXT_AS_NZS_CF,CF 75x8.0
EXT_AS_NZS_CF,CF 90x10.0
EXT_AS_NZS_CF,CF 90x12.0
EXT_AS_NZS_CF,CF 90x16.0
EXT_AS_NZS_CF,CF 90x20.0
EXT_AS_NZS_CF,CF 90x5.0
EXT_AS_NZS_CF,CF 90x6.0
EXT_AS_NZS_CF,CF 90x8.0
EXT_AS_NZS_CHS_C250,CHS 101.6x4.0
EXT_AS_NZS_CHS_C250,CHS 101.6x5.0
EXT_AS_NZS_CHS_C250,CHS 114.3x4.5
EXT_AS_NZS_CHS_C250,CHS 114.3x5.4
EXT_AS_NZS_CHS_C250,CHS 13.5x2.3
EXT_AS_NZS_CHS_C250,CHS 13.5x2.9
EXT_AS_NZS_CHS_C250,CHS 139.7x5.0
EXT_AS_NZS_CHS_C250,CHS 139.7x5.4
EXT_AS_NZS_CHS_C250,CHS 165.1x5.0
EXT_AS_NZS_CHS_C250,CHS 165.1x5.4
EXT_AS_NZS_CHS_C250,CHS 17.2x2.3
EXT_AS_NZS_CHS_C250,CHS 17.2x2.9
EXT_AS_NZS_CHS_C250,CHS 21.3x2.6
EXT_AS_NZS_CHS_C250,CHS 21.3x3.2
EXT_AS_NZS_CHS_C250,CHS 21.3x3.6
EXT_AS_NZS_CHS_C250,CHS 26.9x2.6
EXT_AS_NZS_CHS_C250,CHS 26.9x3.2
EXT_AS_NZS_CHS_C250,CHS 26.9x4.0
EXT_AS_NZS_CHS_C250,CHS 33.7x3.2
EXT_AS_NZS_CHS_C250,CHS 33.7x4.0
EXT_AS_NZS_CHS_C250,CHS 33.7x4.5
EXT_AS_NZS_CHS_C250,CHS 42.4x3.2
EXT_AS_NZS_CHS_C250,CHS 42.4x4.0
EXT_AS_NZS_CHS_C250,CHS 42.4x4.9
EXT_AS_NZS_CHS_C250,CHS 48.3x3.2
EXT_AS_NZS_CHS_C250,CHS 48.3x4.0
EXT_AS_NZS_CHS_C250,CHS 48.3x5.4
EXT_AS_NZS_CHS_C250,CHS 508.0x12.7
EXT_AS_NZS_CHS_C250,CHS 508.0x6.4
EXT_AS_NZS_CHS_C250,CHS 508.0x9.5
EXT_AS_NZS_CHS_C250,CHS 60.3x3.6
EXT_AS_NZS_CHS_C250,CHS 60.3x4.5
EXT_AS_NZS_CHS_C250,CHS 60.3x5.4
EXT_AS_NZS_CHS_C250,CHS 610.0x12.7
EXT_AS_NZS_CHS_C250,CHS 610.0x6.4
EXT_AS_NZS_CHS_C250,CHS 610.0x9.5
EXT_AS_NZS_CHS_C250,CHS 76.1x3.6
EXT_AS_NZS_CHS_C250,CHS 76.1x4.5
EXT_AS_NZS_CHS_C250,CHS 76.1x5.9
EXT_AS_NZS_CHS_C250,CHS 88.9x4.0
EXT_AS_NZS_CHS_C250,CHS 88.9x5.0
EXT_AS_NZS_CHS_C250,CHS 88.9x5.9
EXT_AS_NZS_CHS_C250_L0,CHS 101.6x4.0
EXT_AS_NZS_CHS_C250_L0,CHS 101.6x5.0
EXT_AS_NZS_CHS_C250_L0,CHS 114.3x4.5
EXT_AS_NZS_CHS_C250_L0,CHS 114.3x5.4
EXT_AS_NZS_CHS_C250_L0,CHS 139.7x5.0
EXT_AS_NZS_CHS_C250_L0,CHS 139.7x5.4
EXT_AS_NZS_CHS_C250_L0,CHS 165.1x5.0
EXT_AS_NZS_CHS_C250_L0,CHS 165.1x5.4
EXT_AS_NZS_CHS_C250_L0,CHS 26.9x2.6
EXT_AS_NZS_CHS_C250_L0,CHS 26.9x3.2
EXT_AS_NZS_CHS_C250_L0,CHS 26.9x4.0
EXT_AS_NZS_CHS_C250_L0,CHS 33.7x3.2
EXT_AS_NZS_CHS_C250_L0,CHS 33.7x4.0
EXT_AS_NZS_CHS_C250_L0,CHS 42.4x3.2
EXT_AS_NZS_CHS_C250_L0,CHS 42.4x4.0
EXT_AS_NZS_CHS_C250_L0,CHS 48.3x3.2
EXT_AS_NZS_CHS_C250_L0,CHS 48.3x4.0
EXT_AS_NZS_CHS_C250_L0,CHS 60.3x3.6
EXT_AS_NZS_CHS_C250_L0,CHS 60.3x4.5
EXT_AS_NZS_CHS_C250_L0,CHS 60.3x5.4
EXT_AS_NZS_CHS_C250_L0,CHS 76.1x3.6
EXT_AS_NZS_CHS_C250_L0,CHS 76.1x4.5
EXT_AS_NZS_CHS_C250_L0,CHS 76.1x5.9
EXT_AS_NZS_CHS_C250_L0,CHS 88.9x4.0
EXT_AS_NZS_CHS_C250_L0,CHS 88.9x5.0
EXT_AS_NZS_CHS_C250_L0,CHS 88.9x5.9
EXT_AS_NZS_CHS_C350,CHS 101.6x2.6
EXT_AS_NZS_CHS_C350,CHS 101.6x3.2
EXT_AS_NZS_CHS_C350,CHS 114.3x3.2
EXT_AS_NZS_CHS_C350,CHS 114.3x3.6
EXT_AS_NZS_CHS_C350,CHS 114.3x4.8
EXT_AS_NZS_CHS_C350,CHS 114.3x6.0
EXT_AS_NZS_CHS_C350,CHS 139.7x3.0
EXT_AS_NZS_CHS_C350,CHS 139.7x3.5
EXT_AS_NZS_CHS_C350,CHS 165.1x3.0
EXT_AS_NZS_CHS_C350,CHS 165.1x3.5
EXT_AS_NZS_CHS_C350,CHS 168.3x4.8
EXT_AS_NZS_CHS_C350,CHS 168.3x6.4
EXT_AS_NZS_CHS_C350,CHS 168.3x7.1
EXT_AS_NZS_CHS_C350,CHS 21.3x2.0
EXT_AS_NZS_CHS_C350,CHS 219.1x4.8
EXT_AS_NZS_CHS_C350,CHS 219.1x6.4
EXT_AS_NZS_CHS_C350,CHS 219.1x8.2
EXT_AS_NZS_CHS_C350,CHS 26.9x2.0
EXT_AS_NZS_CHS_C350,CHS 26.9x2.3
EXT_AS_NZS_CHS_C350,CHS 273.1x4.8
EXT_AS_NZS_CHS_C350,CHS 273.1x6.4
EXT_AS_NZS_CHS_C350,CHS 273.1x9.3
EXT_AS_NZS_CHS_C350,CHS 323.9x12.7
EXT_AS_NZS_CHS_C350,CHS 323.9x6.4
EXT_AS_NZS_CHS_C350,CHS 323.9x9.5
EXT_AS_NZS_CHS_C350,CHS 33.7x2.0
EXT_AS_NZS_CHS_C350,CHS 33.7x2.6
EXT_AS_NZS_CHS_C350,CHS 355.6x12.7
EXT_AS_NZS_CHS_C350,CHS 355.6x6.4
EXT_AS_NZS_CHS_C350,CHS 355.6x9.5
EXT_AS_NZS_CHS_C350,CHS 406.4x12.7
EXT_AS_NZS_CHS_C350,CHS 406.4x6.4
EXT_AS_NZS_CHS_C350,CHS 406.4x9.5
EXT_AS_NZS_CHS_C350,CHS 42.4x2.0
EXT_AS_NZS_CHS_C350,CHS 42.4x2.6
EXT_AS_NZS_CHS_C350,CHS 457.0x12.7
EXT_AS_NZS_CHS_C350,CHS 457.0x6.4
EXT_AS_NZS_CHS_C350,CHS 457.0x9.5
EXT_AS_NZS_CHS_C350,CHS 48.3x2.3
EXT_AS_NZS_CHS_C350,CHS 48.3x2.9
EXT_AS_NZS_CHS_C350,CHS 60.3x2.3
EXT_AS_NZS_CHS_C350,CHS 60.3x2.9
EXT_AS_NZS_CHS_C350,CHS 76.1x2.3
EXT_AS_NZS_CHS_C350,CHS 76.1x3.2
EXT_AS_NZS_CHS_C350,CHS 88.9x2.6
EXT_AS_NZS_CHS_C350,CHS 88.9x3.2
EXT_AS_NZS_CHS_C350,CHS 88.9x4.8
EXT_AS_NZS_CHS_C350,CHS 88.9x5.5
EXT_AS_NZS_CHS_C350_L0,CHS 101.6x2.6
EXT_AS_NZS_CHS_C350_L0,CHS 101.6x3.2
EXT_AS_NZS_CHS_C350_L0,CHS 114.3x3.2
EXT_AS_NZS_CHS_C350_L0,CHS 114.3x3.6
EXT_AS_NZS_CHS_C350_L0,CHS 139.7x3.0
EXT_AS_NZS_CHS_C350_L0,CHS 139.7x3.5
EXT_AS_NZS_CHS_C350_L0,CHS 165.1x3.0
EXT_AS_NZS_CHS_C350_L0,CHS 165.1x3.5
EXT_AS_NZS_CHS_C350_L0,CHS 168.3x4.8
EXT_AS_NZS_CHS_C350_L0,CHS 168.3x6.4
EXT_AS_NZS_CHS_C350_L0,CHS 168.3x7.1
EXT_AS_NZS_CHS_C350_L0,CHS 219.1x4.8
EXT_AS_NZS_CHS_C350_L0,CHS 219.1x6.4
EXT_AS_NZS_CHS_C350_L0,CHS 219.1x8.2
EXT_AS_NZS_CHS_C350_L0,CHS 26.9x2.0
EXT_AS_NZS_CHS_C350_L0,CHS 26.9x2.3
EXT_AS_NZS_CHS_C350_L0,CHS 273.1x12.7
EXT_AS_NZS_CHS_C350_L0,CHS 273.1x4.8
EXT_AS_NZS_CHS_C350_L0,CHS 273.1x6.4
EXT_AS_NZS_CHS_C350_L0,CHS 273.1x9.3
EXT_AS_NZS_CHS_C350_L0,CHS 323.9x12.7
EXT_AS_NZS_CHS_C350_L0,CHS 323.9x6.4
EXT_AS_NZS_CHS_C350_L0,CHS 323.9x9.5
EXT_AS_NZS_CHS_C350_L0,CHS 33.7x2.0
EXT_AS_NZS_CHS_C350_L0,CHS 33.7x2.6
EXT_AS_NZS_CHS_C350_L0,CHS 355.6x12.7
EXT_AS_NZS_CHS_C350_L0,CHS 355.6x6.4
EXT_AS_NZS_CHS_C350_L0,CHS 355.6x9.5
EXT_AS_NZS_CHS_C350_L0,CHS 406.4x12.7
EXT_AS_NZS_CHS_C350_L0,CHS 406.4x6.4
EXT_AS_NZS_CHS_C350_L0,CHS 406.4x9.5
EXT_AS_NZS_CHS_C350_L0,CHS 42.4x2.0
EXT_AS_NZS_CHS_C350_L0,CHS 42.4x2.6
EXT_AS_NZS_CHS_C350_L0,CHS 457.0x12.7
EXT_AS_NZS_CHS_C350_L0,CHS 457.0x6.4
EXT_AS_NZS_CHS_C350_L0,CHS 457.0x9.5
EXT_AS_NZS_CHS_C350_L0,CHS 48.3x2.3
EXT_AS_NZS_CHS_C350_L0,CHS 48.3x2.9
EXT_AS_NZS_CHS_C350_L0,CHS 508.0x12.7
EXT_AS_NZS_CHS_C350_L0,CHS 508.0x6.4
EXT_AS_NZS_CHS_C350_L0,CHS 508.0x9.5
EXT_AS_NZS_CHS_C350_L0,CHS 60.3x2.3
EXT_AS_NZS_CHS_C350_L0,CHS 60.3x2.9
EXT_AS_NZS_CHS_C350_L0,CHS 76.1x2.3
EXT_AS_NZS_CHS_C350_L0,CHS 76.1x3.2
EXT_AS_NZS_CHS_C350_L0,CHS 88.9x2.6
EXT_AS_NZS_CHS_C350_L0,CHS 88.9x3.2
EXT_AS_NZS_CHS_CT,CT100x23.1
EXT_AS_NZS_CHS_CT,CT100x26.1
EXT_AS_NZS_CHS_CT,CT100x29.8
EXT_AS_NZS_CHS_CT,CT125x36.5
EXT_AS_NZS_CHS_CT,CT125x44.8
EXT_AS_NZS_CHS_CT,CT155x48.4
EXT_AS_NZS_CHS_CT,CT155x59
EXT_AS_NZS_CHS_CT,CT155x68.5
EXT_AS_NZS_CHS_CT,CT155x79
EXT_AS_NZS_CHS_CT,CT50x7.4
EXT_AS_NZS_CHS_CT,CT75x11.7
EXT_AS_NZS_CHS_CT,CT75x15
EXT_AS_NZS_CHS_CT,CT75x18.6
EXT_AS_NZS_Diamond_C,DB100/19
EXT_AS_NZS_Diamond_C,DB89/10
EXT_AS_NZS_Diamond_C,DB89/12
EXT_AS_NZS_Diamond_DHS_Purlins,DHS150/12
EXT_AS_NZS_Diamond_DHS_Purlins,DHS150/15
EXT_AS_NZS_Diamond_DHS_Purlins,DHS200/12
EXT_AS_NZS_Diamond_DHS_Purlins,DHS200/15
EXT_AS_NZS_Diamond_DHS_Purlins,DHS200/18
EXT_AS_NZS_Diamond_DHS_Purlins,DHS250/13
EXT_AS_NZS_Diamond_DHS_Purlins,DHS250/15
EXT_AS_NZS_Diamond_DHS_Purlins,DHS250/18
EXT_AS_NZS_Diamond_DHS_Purlins,DHS300/15
EXT_AS_NZS_Diamond_DHS_Purlins,DHS300/18
EXT_AS_NZS_Diamond_DHS_Purlins,DHS350/18
EXT_AS_NZS_Diamond_DHS_Purlins,DHS400/20
EXT_AS_NZS_EA,EA 100x100x10
EXT_AS_NZS_EA,EA 100x100x12
EXT_AS_NZS_EA,EA 100x100x6
EXT_AS_NZS_EA,EA 100x100x8
EXT_AS_NZS_EA,EA 125x125x10
EXT_AS_NZS_EA,EA 125x125x12
EXT_AS_NZS_EA,EA 125x125x16
EXT_AS_NZS_EA,EA 125x125x8
EXT_AS_NZS_EA,EA 150x150x10
EXT_AS_NZS_EA,EA 150x150x12
EXT_AS_NZS_EA,EA 150x150x16
EXT_AS_NZS_EA,EA 150x150x19
EXT_AS_NZS_EA,EA 200x200x13
EXT_AS_NZS_EA,EA 200x200x16
EXT_AS_NZS_EA,EA 200x200x18
EXT_AS_NZS_EA,EA 200x200x20
EXT_AS_NZS_EA,EA 200x200x26
EXT_AS_NZS_EA,EA 25x25x3
EXT_AS_NZS_EA,EA 25x25x5
EXT_AS_NZS_EA,EA 25x25x6
EXT_AS_NZS_EA,EA 30x30x3
EXT_AS_NZS_EA,EA 30x30x5
EXT_AS_NZS_EA,EA 30x30x6
EXT_AS_NZS_EA,EA 40x40x3
EXT_AS_NZS_EA,EA 40x40x5
EXT_AS_NZS_EA,EA 40x40x6
EXT_AS_NZS_EA,EA 45x45x3
EXT_AS_NZS_EA,EA 45x45x5
EXT_AS_NZS_EA,EA 45x45x6
EXT_AS_NZS_EA,EA 50x50x3
EXT_AS_NZS_EA,EA 50x50x5
EXT_AS_NZS_EA,EA 50x50x6
EXT_AS_NZS_EA,EA 50x50x8
EXT_AS_NZS_EA,EA 55x55x5
EXT_AS_NZS_EA,EA 55x55x6
EXT_AS_NZS_EA,EA 65x65x10
EXT_AS_NZS_EA,EA 65x65x5
EXT_AS_NZS_EA,EA 65x65x6
EXT_AS_NZS_EA,EA 65x65x8
EXT_AS_NZS_EA,EA 75x75x10
EXT_AS_NZS_EA,EA 75x75x5
EXT_AS_NZS_EA,EA 75x75x6
EXT_AS_NZS_EA,EA 75x75x8
EXT_AS_NZS_EA,EA 90x90x10
EXT_AS_NZS_EA,EA 90x90x6
EXT_AS_NZS_EA,EA 90x90x8
EXT_AS_NZS_Lysaght_Cees,C10010
EXT_AS_NZS_Lysaght_Cees,C10012
EXT_AS_NZS_Lysaght_Cees,C10015
EXT_AS_NZS_Lysaght_Cees,C10019
EXT_AS_NZS_Lysaght_Cees,C15012
EXT_AS_NZS_Lysaght_Cees,C15015
EXT_AS_NZS_Lysaght_Cees,C15019
EXT_AS_NZS_Lysaght_Cees,C15024
EXT_AS_NZS_Lysaght_Cees,C20015
EXT_AS_NZS_Lysaght_Cees,C20019
EXT_AS_NZS_Lysaght_Cees,C20024
EXT_AS_NZS_Lysaght_Cees,C25019
EXT_AS_NZS_Lysaght_Cees,C25024
EXT_AS_NZS_Lysaght_Cees,C30024
EXT_AS_NZS_Lysaght_Cees,C30030
EXT_AS_NZS_Lysaght_Cees,C35030
EXT_AS_NZS_Lysaght_Cees_Lipped,LippedC10010
EXT_AS_NZS_Lysaght_Cees_Lipped,LippedC10012
EXT_AS_NZS_Lysaght_Cees_Lipped,LippedC10015
EXT_AS_NZS_Lysaght_Cees_Lipped,LippedC10019
EXT_AS_NZS_Lysaght_Cees_Lipped,LippedC15012
EXT_AS_NZS_Lysaght_Cees_Lipped,LippedC15015
EXT_AS_NZS_Lysaght_Cees_Lipped,LippedC15019
EXT_AS_NZS_Lysaght_Cees_Lipped,LippedC15024
EXT_AS_NZS_Lysaght_Cees_Lipped,LippedC20015
EXT_AS_NZS_Lysaght_Cees_Lipped,LippedC20019
EXT_AS_NZS_Lysaght_Cees_Lipped,LippedC20024
EXT_AS_NZS_Lysaght_Cees_Lipped,LippedC25019
EXT_AS_NZS_Lysaght_Cees_Lipped,LippedC25024
EXT_AS_NZS_Lysaght_Cees_Lipped,LippedC30024
EXT_AS_NZS_Lysaght_Cees_Lipped,LippedC30030
EXT_AS_NZS_Lysaght_Cees_Lipped,LippedC35030
EXT_AS_NZS_Lysaght_Zeds,ZUni 10010
EXT_AS_NZS_Lysaght_Zeds,ZUni 10012
EXT_AS_NZS_Lysaght_Zeds,ZUni 10015
EXT_AS_NZS_Lysaght_Zeds,ZUni 10019
EXT_AS_NZS_Lysaght_Zeds,ZUni 15012
EXT_AS_NZS_Lysaght_Zeds,ZUni 15015
EXT_AS_NZS_Lysaght_Zeds,ZUni 15019
EXT_AS_NZS_Lysaght_Zeds,ZUni 15024
EXT_AS_NZS_Lysaght_Zeds,ZUni 20015
EXT_AS_NZS_Lysaght_Zeds,ZUni 20019
EXT_AS_NZS_Lysaght_Zeds,ZUni 20024
EXT_AS_NZS_Lysaght_Zeds,ZUni 25019
EXT_AS_NZS_Lysaght_Zeds,ZUni 25024
EXT_AS_NZS_Lysaght_Zeds,ZUni 30024
EXT_AS_NZS_Lysaght_Zeds,ZUni 30030
EXT_AS_NZS_Lysaght_Zeds,ZUni 35030
EXT_AS_NZS_Lysaght_Zeds_Lipped,LZUni 10010
EXT_AS_NZS_Lysaght_Zeds_Lipped,LZUni 10012
EXT_AS_NZS_Lysaght_Zeds_Lipped,LZUni 10015
EXT_AS_NZS_Lysaght_Zeds_Lipped,LZUni 10019
EXT_AS_NZS_Lysaght_Zeds_Lipped,LZUni 15012
EXT_AS_NZS_Lysaght_Zeds_Lipped,LZUni 15015
EXT_AS_NZS_Lysaght_Zeds_Lipped,LZUni 15019
EXT_AS_NZS_Lysaght_Zeds_Lipped,LZUni 15024
EXT_AS_NZS_Lysaght_Zeds_Lipped,LZUni 20015
EXT_AS_NZS_Lysaght_Zeds_Lipped,LZUni 20019
EXT_AS_NZS_Lysaght_Zeds_Lipped,LZUni 20024
EXT_AS_NZS_Lysaght_Zeds_Lipped,LZUni 25019
EXT_AS_NZS_Lysaght_Zeds_Lipped,LZUni 25024
EXT_AS_NZS_Lysaght_Zeds_Lipped,LZUni 30024
EXT_AS_NZS_Lysaght_Zeds_Lipped,LZUni 30030
EXT_AS_NZS_Lysaght_Zeds_Lipped,LZUni 35030
EXT_AS_NZS_Metalcraft_MC,MC_100/19
EXT_AS_NZS_Metalcraft_MC,MC_150/12
EXT_AS_NZS_Metalcraft_MC,MC_150/15
EXT_AS_NZS_Metalcraft_MC,MC_150/19
EXT_AS_NZS_Metalcraft_MC,MC_150/24
EXT_AS_NZS_Metalcraft_MC,MC_200/15
EXT_AS_NZS_Metalcraft_MC,MC_200/19
EXT_AS_NZS_Metalcraft_MC,MC_200/24
EXT_AS_NZS_Metalcraft_MC,MC_250/15
EXT_AS_NZS_Metalcraft_MC,MC_250/19
EXT_AS_NZS_Metalcraft_MC,MC_250/24
EXT_AS_NZS_Metalcraft_MC,MC_300/24
EXT_AS_NZS_Metalcraft_MC,MC_300/30
EXT_AS_NZS_Metalcraft_MC,MC_400/24
EXT_AS_NZS_Metalcraft_MSS,MSS150/12
EXT_AS_NZS_Metalcraft_MSS,MSS150/15
EXT_AS_NZS_Metalcraft_MSS,MSS200/12
EXT_AS_NZS_Metalcraft_MSS,MSS200/15
EXT_AS_NZS_Metalcraft_MSS,MSS200/18
EXT_AS_NZS_Metalcraft_MSS,MSS250/13
EXT_AS_NZS_Metalcraft_MSS,MSS250/15
EXT_AS_NZS_Metalcraft_MSS,MSS250/18
EXT_AS_NZS_Metalcraft_MSS,MSS300/15
EXT_AS_NZS_Metalcraft_MSS,MSS300/18
EXT_AS_NZS_Metalcraft_MSS,MSS350/18
EXT_AS_NZS_Metalcraft_MSS,MSS400/20
EXT_AS_NZS_PFC,PFC 100
EXT_AS_NZS_PFC,PFC 125
EXT_AS_NZS_PFC,PFC 150
EXT_AS_NZS_PFC,PFC 180
EXT_AS_NZS_PFC,PFC 200
EXT_AS_NZS_PFC,PFC 230
EXT_AS_NZS_PFC,PFC 250
EXT_AS_NZS_PFC,PFC 300
EXT_AS_NZS_PFC,PFC 380
EXT_AS_NZS_PFC,PFC 75
EXT_AS_NZS_RHS_C350,RHS 100x50x2.0
EXT_AS_NZS_RHS_C350,RHS 100x50x2.5
EXT_AS_NZS_RHS_C350,RHS 100x50x3.0
EXT_AS_NZS_RHS_C350,RHS 100x50x3.5
EXT_AS_NZS_RHS_C350,RHS 100x50x4.0
EXT_AS_NZS_RHS_C350,RHS 100x50x5.0
EXT_AS_NZS_RHS_C350,RHS 100x50x6.0
EXT_AS_NZS_RHS_C350,RHS 125x75x3.0
EXT_AS_NZS_RHS_C350,RHS 125x75x4.0
EXT_AS_NZS_RHS_C350,RHS 125x75x5.0
EXT_AS_NZS_RHS_C350,RHS 150x100x4.0
EXT_AS_NZS_RHS_C350,RHS 150x100x5.0
EXT_AS_NZS_RHS_C350,RHS 150x100x6.0
EXT_AS_NZS_RHS_C350,RHS 150x50x3.0
EXT_AS_NZS_RHS_C350,RHS 150x50x4.0
EXT_AS_NZS_RHS_C350,RHS 150x50x5.0
EXT_AS_NZS_RHS_C350,RHS 200x100x4.0
EXT_AS_NZS_RHS_C350,RHS 200x100x5.0
EXT_AS_NZS_RHS_C350,RHS 200x100x6.0
EXT_AS_NZS_RHS_C350,RHS 200x100x9.0
EXT_AS_NZS_RHS_C350,RHS 250x150x5.0
EXT_AS_NZS_RHS_C350,RHS 250x150x6.0
EXT_AS_NZS_RHS_C350,RHS 250x150x9.0
EXT_AS_NZS_RHS_C350,RHS 50x20x1.6
EXT_AS_NZS_RHS_C350,RHS 50x20x2.0
EXT_AS_NZS_RHS_C350,RHS 50x20x2.5
EXT_AS_NZS_RHS_C350,RHS 50x20x3.0
EXT_AS_NZS_RHS_C350,RHS 50x25x1.6
EXT_AS_NZS_RHS_C350,RHS 50x25x2.0
EXT_AS_NZS_RHS_C350,RHS 50x25x2.5
EXT_AS_NZS_RHS_C350,RHS 50x25x3.0
EXT_AS_NZS_RHS_C350,RHS 65x35x2.0
EXT_AS_NZS_RHS_C350,RHS 65x35x2.5
EXT_AS_NZS_RHS_C350,RHS 65x35x3.0
EXT_AS_NZS_RHS_C350,RHS 75x25x1.6
EXT_AS_NZS_RHS_C350,RHS 75x25x2.0
EXT_AS_NZS_RHS_C350,RHS 75x25x2.5
EXT_AS_NZS_RHS_C350,RHS 75x50x2.0
EXT_AS_NZS_RHS_C350,RHS 75x50x2.5
EXT_AS_NZS_RHS_C350,RHS 75x50x3.0
EXT_AS_NZS_RHS_C350,RHS 75x50x4.0
EXT_AS_NZS_RHS_C350_L0,RHS 50x20x1.6
EXT_AS_NZS_RHS_C350_L0,RHS 50x20x2.0
EXT_AS_NZS_RHS_C350_L0,RHS 50x20x2.5
EXT_AS_NZS_RHS_C350_L0,RHS 50x20x3.0
EXT_AS_NZS_RHS_C350_L0,RHS 50x25x1.6
EXT_AS_NZS_RHS_C350_L0,RHS 50x25x2.0
EXT_AS_NZS_RHS_C350_L0,RHS 50x25x2.5
EXT_AS_NZS_RHS_C350_L0,RHS 50x25x3.0
EXT_AS_NZS_RHS_C350_L0,RHS 65x35x2.0
EXT_AS_NZS_RHS_C350_L0,RHS 65x35x2.5
EXT_AS_NZS_RHS_C350_L0,RHS 65x35x3.0
EXT_AS_NZS_RHS_C350_L0,RHS 65x35x4.0
EXT_AS_NZS_RHS_C350_L0,RHS 75x25x1.6
EXT_AS_NZS_RHS_C350_L0,RHS 75x25x2.0
EXT_AS_NZS_RHS_C350_L0,RHS 75x25x2.5
EXT_AS_NZS_RHS_C450,RHS 100x50x2.3
EXT_AS_NZS_RHS_C450,RHS 100x50x2.8
EXT_AS_NZS_RHS_C450,RHS 100x50x3.3
EXT_AS_NZS_RHS_C450,RHS 125x75x2.8
EXT_AS_NZS_RHS_C450,RHS 125x75x3.3
EXT_AS_NZS_RHS_C450,RHS 125x75x3.8
EXT_AS_NZS_RHS_C450,RHS 50x20x2.3
EXT_AS_NZS_RHS_C450,RHS 50x20x2.8
EXT_AS_NZS_RHS_C450,RHS 50x25x2.3
EXT_AS_NZS_RHS_C450,RHS 50x25x2.8
EXT_AS_NZS_RHS_C450,RHS 65x35x2.3
EXT_AS_NZS_RHS_C450,RHS 65x35x2.8
EXT_AS_NZS_RHS_C450,RHS 75x50x2.3
EXT_AS_NZS_RHS_C450,RHS 75x50x2.8
EXT_AS_NZS_RHS_C450_L0,RHS 100x50x1.6
EXT_AS_NZS_RHS_C450_L0,RHS 100x50x2
EXT_AS_NZS_RHS_C450_L0,RHS 100x50x2.5
EXT_AS_NZS_RHS_C450_L0,RHS 100x50x3
EXT_AS_NZS_RHS_C450_L0,RHS 100x50x3.5
EXT_AS_NZS_RHS_C450_L0,RHS 100x50x4
EXT_AS_NZS_RHS_C450_L0,RHS 100x50x5
EXT_AS_NZS_RHS_C450_L0,RHS 100x50x6
EXT_AS_NZS_RHS_C450_L0,RHS 102x76x3.5
EXT_AS_NZS_RHS_C450_L0,RHS 102x76x5
EXT_AS_NZS_RHS_C450_L0,RHS 102x76x6
EXT_AS_NZS_RHS_C450_L0,RHS 125x75x2
EXT_AS_NZS_RHS_C450_L0,RHS 125x75x2.5
EXT_AS_NZS_RHS_C450_L0,RHS 125x75x3
EXT_AS_NZS_RHS_C450_L0,RHS 125x75x4
EXT_AS_NZS_RHS_C450_L0,RHS 125x75x5
EXT_AS_NZS_RHS_C450_L0,RHS 125x75x6
EXT_AS_NZS_RHS_C450_L0,RHS 127x51x3.5
EXT_AS_NZS_RHS_C450_L0,RHS 127x51x5
EXT_AS_NZS_RHS_C450_L0,RHS 127x51x6
EXT_AS_NZS_RHS_C450_L0,RHS 150x100x10
EXT_AS_NZS_RHS_C450_L0,RHS 150x100x4
EXT_AS_NZS_RHS_C450_L0,RHS 150x100x5
EXT_AS_NZS_RHS_C450_L0,RHS 150x100x6
EXT_AS_NZS_RHS_C450_L0,RHS 150x100x8
EXT_AS_NZS_RHS_C450_L0,RHS 150x100x9
EXT_AS_NZS_RHS_C450_L0,RHS 150x50x2
EXT_AS_NZS_RHS_C450_L0,RHS 150x50x2.5
EXT_AS_NZS_RHS_C450_L0,RHS 150x50x3
EXT_AS_NZS_RHS_C450_L0,RHS 150x50x4
EXT_AS_NZS_RHS_C450_L0,RHS 150x50x5
EXT_AS_NZS_RHS_C450_L0,RHS 150x50x6
EXT_AS_NZS_RHS_C450_L0,RHS 152x76x5
EXT_AS_NZS_RHS_C450_L0,RHS 152x76x6
EXT_AS_NZS_RHS_C450_L0,RHS 200x100x10
EXT_AS_NZS_RHS_C450_L0,RHS 200x100x4
EXT_AS_NZS_RHS_C450_L0,RHS 200x100x5
EXT_AS_NZS_RHS_C450_L0,RHS 200x100x6
EXT_AS_NZS_RHS_C450_L0,RHS 200x100x8
EXT_AS_NZS_RHS_C450_L0,RHS 200x100x9
EXT_AS_NZS_RHS_C450_L0,RHS 250x150x10
EXT_AS_NZS_RHS_C450_L0,RHS 250x150x12.5
EXT_AS_NZS_RHS_C450_L0,RHS 250x150x16
EXT_AS_NZS_RHS_C450_L0,RHS 250x150x5
EXT_AS_NZS_RHS_C450_L0,RHS 250x150x6
EXT_AS_NZS_RHS_C450_L0,RHS 250x150x8
EXT_AS_NZS_RHS_C450_L0,RHS 250x150x9
EXT_AS_NZS_RHS_C450_L0,RHS 300x200x10
EXT_AS_NZS_RHS_C450_L0,RHS 300x200x12.5
EXT_AS_NZS_RHS_C450_L0,RHS 300x200x16
EXT_AS_NZS_RHS_C450_L0,RHS 300x200x6
EXT_AS_NZS_RHS_C450_L0,RHS 300x200x8
EXT_AS_NZS_RHS_C450_L0,RHS 350x250x10
EXT_AS_NZS_RHS_C450_L0,RHS 350x250x12.5
EXT_AS_NZS_RHS_C450_L0,RHS 350x250x16
EXT_AS_NZS_RHS_C450_L0,RHS 350x250x8
EXT_AS_NZS_RHS_C450_L0,RHS 400x200x10
EXT_AS_NZS_RHS_C450_L0,RHS 400x200x12.5
EXT_AS_NZS_RHS_C450_L0,RHS 400x200x16
EXT_AS_NZS_RHS_C450_L0,RHS 400x200x8
EXT_AS_NZS_RHS_C450_L0,RHS 400x300x10
EXT_AS_NZS_RHS_C450_L0,RHS 400x300x12.5
EXT_AS_NZS_RHS_C450_L0,RHS 400x300x16
EXT_AS_NZS_RHS_C450_L0,RHS 400x300x8
EXT_AS_NZS_RHS_C450_L0,RHS 75x50x1.6
EXT_AS_NZS_RHS_C450_L0,RHS 75x50x2
EXT_AS_NZS_RHS_C450_L0,RHS 75x50x2.5
EXT_AS_NZS_RHS_C450_L0,RHS 75x50x3
EXT_AS_NZS_RHS_C450_L0,RHS 75x50x4
EXT_AS_NZS_RHS_C450_L0,RHS 75x50x5
EXT_AS_NZS_RHS_C450_L0,RHS 75x50x6
EXT_AS_NZS_RHS_C450_L0,RHS 76x38x2.5
EXT_AS_NZS_RHS_C450_L0,RHS 76x38x3
EXT_AS_NZS_RHS_C450_L0,RHS 76x38x4
EXT_AS_NZS_Round,RMS10
EXT_AS_NZS_Round,RMS100
EXT_AS_NZS_Round,RMS110
EXT_AS_NZS_Round,RMS12
EXT_AS_NZS_Round,RMS120
EXT_AS_NZS_Round,RMS130
EXT_AS_NZS_Round,RMS14
EXT_AS_NZS_Round,RMS140
EXT_AS_NZS_Round,RMS150
EXT_AS_NZS_Round,RMS16
EXT_AS_NZS_Round,RMS160
EXT_AS_NZS_Round,RMS170
EXT_AS_NZS_Round,RMS18
EXT_AS_NZS_Round,RMS180
EXT_AS_NZS_Round,RMS190
EXT_AS_NZS_Round,RMS20
EXT_AS_NZS_Round,RMS200
EXT_AS_NZS_Round,RMS215
EXT_AS_NZS_Round,RMS22
EXT_AS_NZS_Round,RMS24
EXT_AS_NZS_Round,RMS26
EXT_AS_NZS_Round,RMS27
EXT_AS_NZS_Round,RMS30
EXT_AS_NZS_Round,RMS32
EXT_AS_NZS_Round,RMS33
EXT_AS_NZS_Round,RMS35
EXT_AS_NZS_Round,RMS36
EXT_AS_NZS_Round,RMS38
EXT_AS_NZS_Round,RMS39
EXT_AS_NZS_Round,RMS42
EXT_AS_NZS_Round,RMS45
EXT_AS_NZS_Round,RMS48
EXT_AS_NZS_Round,RMS50
EXT_AS_NZS_Round,RMS56
EXT_AS_NZS_Round,RMS6
EXT_AS_NZS_Round,RMS60
EXT_AS_NZS_Round,RMS63
EXT_AS_NZS_Round,RMS65
EXT_AS_NZS_Round,RMS70
EXT_AS_NZS_Round,RMS75
EXT_AS_NZS_Round,RMS8
EXT_AS_NZS_Round,RMS80
EXT_AS_NZS_Round,RMS90
EXT_AS_NZS_SHS_C350,SHS 100x100x3.0
EXT_AS_NZS_SHS_C350,SHS 100x100x4.0
EXT_AS_NZS_SHS_C350,SHS 100x100x5.0
EXT_AS_NZS_SHS_C350,SHS 100x100x6.0
EXT_AS_NZS_SHS_C350,SHS 100x100x9.0
EXT_AS_NZS_SHS_C350,SHS 125x125x4.0
EXT_AS_NZS_SHS_C350,SHS 125x125x5.0
EXT_AS_NZS_SHS_C350,SHS 125x125x6.0
EXT_AS_NZS_SHS_C350,SHS 125x125x9.0
EXT_AS_NZS_SHS_C350,SHS 150x150x5.0
EXT_AS_NZS_SHS_C350,SHS 150x150x6.0
EXT_AS_NZS_SHS_C350,SHS 150x150x9.0
EXT_AS_NZS_SHS_C350,SHS 200x200x5.0
EXT_AS_NZS_SHS_C350,SHS 200x200x6.0
EXT_AS_NZS_SHS_C350,SHS 200x200x9.0
EXT_AS_NZS_SHS_C350,SHS 20x20x1.6
EXT_AS_NZS_SHS_C350,SHS 250x250x6.0
EXT_AS_NZS_SHS_C350,SHS 250x250x9.0
EXT_AS_NZS_SHS_C350,SHS 25x25x1.6
EXT_AS_NZS_SHS_C350,SHS 25x25x2.0
EXT_AS_NZS_SHS_C350,SHS 25x25x2.5
EXT_AS_NZS_SHS_C350,SHS 25x25x3.0
EXT_AS_NZS_SHS_C350,SHS 30x30x1.6
EXT_AS_NZS_SHS_C350,SHS 30x30x2.0
EXT_AS_NZS_SHS_C350,SHS 35x35x1.6
EXT_AS_NZS_SHS_C350,SHS 35x35x2.0
EXT_AS_NZS_SHS_C350,SHS 35x35x2.5
EXT_AS_NZS_SHS_C350,SHS 35x35x3.0
EXT_AS_NZS_SHS_C350,SHS 40x40x1.6
EXT_AS_NZS_SHS_C350,SHS 40x40x2.0
EXT_AS_NZS_SHS_C350,SHS 40x40x2.5
EXT_AS_NZS_SHS_C350,SHS 40x40x4.0
EXT_AS_NZS_SHS_C350,SHS 50x50x1.6
EXT_AS_NZS_SHS_C350,SHS 50x50x2.0
EXT_AS_NZS_SHS_C350,SHS 50x50x2.5
EXT_AS_NZS_SHS_C350,SHS 50x50x3.0
EXT_AS_NZS_SHS_C350,SHS 50x50x4.0
EXT_AS_NZS_SHS_C350,SHS 65x65x2.0
EXT_AS_NZS_SHS_C350,SHS 65x65x2.5
EXT_AS_NZS_SHS_C350,SHS 65x65x3.0
EXT_AS_NZS_SHS_C350,SHS 75x75x2.5
EXT_AS_NZS_SHS_C350,SHS 75x75x3.0
EXT_AS_NZS_SHS_C350,SHS 75x75x3.5
EXT_AS_NZS_SHS_C350,SHS 75x75x4.0
EXT_AS_NZS_SHS_C350,SHS 75x75x5.0
EXT_AS_NZS_SHS_C350,SHS 75x75x6.0
EXT_AS_NZS_SHS_C350,SHS 89x89x3.5
EXT_AS_NZS_SHS_C350,SHS 89x89x5.0
EXT_AS_NZS_SHS_C350,SHS 89x89x6.0
EXT_AS_NZS_SHS_C350_L0,SHS 20x20x1.6
EXT_AS_NZS_SHS_C350_L0,SHS 20x20x2.0
EXT_AS_NZS_SHS_C350_L0,SHS 25x25x1.6
EXT_AS_NZS_SHS_C350_L0,SHS 25x25x2.0
EXT_AS_NZS_SHS_C350_L0,SHS 25x25x2.5
EXT_AS_NZS_SHS_C350_L0,SHS 25x25x3.0
EXT_AS_NZS_SHS_C350_L0,SHS 30x30x1.6
EXT_AS_NZS_SHS_C350_L0,SHS 30x30x2.0
EXT_AS_NZS_SHS_C350_L0,SHS 30x30x2.5
EXT_AS_NZS_SHS_C350_L0,SHS 30x30x3.0
EXT_AS_NZS_SHS_C350_L0,SHS 35x35x1.6
EXT_AS_NZS_SHS_C350_L0,SHS 35x35x2.0
EXT_AS_NZS_SHS_C350_L0,SHS 35x35x2.5
EXT_AS_NZS_SHS_C350_L0,SHS 35x35x3.0
EXT_AS_NZS_SHS_C350_L0,SHS 40x40x1.6
EXT_AS_NZS_SHS_C350_L0,SHS 40x40x2.0
EXT_AS_NZS_SHS_C350_L0,SHS 40x40x2.5
EXT_AS_NZS_SHS_C350_L0,SHS 40x40x3.0
EXT_AS_NZS_SHS_C350_L0,SHS 40x40x4.0
EXT_AS_NZS_SHS_C350_L0,SHS 50x50x1.6
EXT_AS_NZS_SHS_C350_L0,SHS 50x50x2.0
EXT_AS_NZS_SHS_C350_L0,SHS 50x50x2.5
EXT_AS_NZS_SHS_C350_L0,SHS 50x50x3.0
EXT_AS_NZS_SHS_C350_L0,SHS 50x50x4.0
EXT_AS_NZS_SHS_C350_L0,SHS 50x50x5.0
EXT_AS_NZS_SHS_C350_L0,SHS 50x50x6.0
EXT_AS_NZS_SHS_C450,SHS 100x100x2.8
EXT_AS_NZS_SHS_C450,SHS 100x100x3.3
EXT_AS_NZS_SHS_C450,SHS 100x100x3.8
EXT_AS_NZS_SHS_C450,SHS 25x25x2.3
EXT_AS_NZS_SHS_C450,SHS 35x35x2.3
EXT_AS_NZS_SHS_C450,SHS 35x35x2.8
EXT_AS_NZS_SHS_C450,SHS 50x50x2.3
EXT_AS_NZS_SHS_C450,SHS 50x50x2.8
EXT_AS_NZS_SHS_C450,SHS 65x65x2.3
EXT_AS_NZS_SHS_C450,SHS 75x75x2.3
EXT_AS_NZS_SHS_C450,SHS 75x75x2.8
EXT_AS_NZS_SHS_C450,SHS 75x75x3.3
EXT_AS_NZS_SHS_C450_L0,SHS 100x100x10.0
EXT_AS_NZS_SHS_C450_L0,SHS 100x100x2.0
EXT_AS_NZS_SHS_C450_L0,SHS 100x100x2.5
EXT_AS_NZS_SHS_C450_L0,SHS 100x100x3.0
EXT_AS_NZS_SHS_C450_L0,SHS 100x100x4.0
EXT_AS_NZS_SHS_C450_L0,SHS 100x100x5.0
EXT_AS_NZS_SHS_C450_L0,SHS 100x100x6.0
EXT_AS_NZS_SHS_C450_L0,SHS 100x100x8.0
EXT_AS_NZS_SHS_C450_L0,SHS 100x100x9.0
EXT_AS_NZS_SHS_C450_L0,SHS 125x125x10.0
EXT_AS_NZS_SHS_C450_L0,SHS 125x125x4.0
EXT_AS_NZS_SHS_C450_L0,SHS 125x125x5.0
EXT_AS_NZS_SHS_C450_L0,SHS 125x125x6.0
EXT_AS_NZS_SHS_C450_L0,SHS 125x125x8.0
EXT_AS_NZS_SHS_C450_L0,SHS 125x125x9.0
EXT_AS_NZS_SHS_C450_L0,SHS 150x150x10.0
EXT_AS_NZS_SHS_C450_L0,SHS 150x150x5.0
EXT_AS_NZS_SHS_C450_L0,SHS 150x150x6.0
EXT_AS_NZS_SHS_C450_L0,SHS 150x150x8.0
EXT_AS_NZS_SHS_C450_L0,SHS 150x150x9.0
EXT_AS_NZS_SHS_C450_L0,SHS 200x200x10.0
EXT_AS_NZS_SHS_C450_L0,SHS 200x200x12.5
EXT_AS_NZS_SHS_C450_L0,SHS 200x200x16.0
EXT_AS_NZS_SHS_C450_L0,SHS 200x200x5.0
EXT_AS_NZS_SHS_C450_L0,SHS 200x200x6.0
EXT_AS_NZS_SHS_C450_L0,SHS 200x200x8.0
EXT_AS_NZS_SHS_C450_L0,SHS 200x200x9.0
EXT_AS_NZS_SHS_C450_L0,SHS 250x250x10.0
EXT_AS_NZS_SHS_C450_L0,SHS 250x250x12.5
EXT_AS_NZS_SHS_C450_L0,SHS 250x250x16.0
EXT_AS_NZS_SHS_C450_L0,SHS 250x250x6.0
EXT_AS_NZS_SHS_C450_L0,SHS 250x250x8.0
EXT_AS_NZS_SHS_C450_L0,SHS 250x250x9.0
EXT_AS_NZS_SHS_C450_L0,SHS 300x300x10.0
EXT_AS_NZS_SHS_C450_L0,SHS 300x300x12.5
EXT_AS_NZS_SHS_C450_L0,SHS 300x300x16.0
EXT_AS_NZS_SHS_C450_L0,SHS 300x300x8.0
EXT_AS_NZS_SHS_C450_L0,SHS 350x350x10.0
EXT_AS_NZS_SHS_C450_L0,SHS 350x350x12.5
EXT_AS_NZS_SHS_C450_L0,SHS 350x350x16.0
EXT_AS_NZS_SHS_C450_L0,SHS 350x350x8.0
EXT_AS_NZS_SHS_C450_L0,SHS 400x400x10.0
EXT_AS_NZS_SHS_C450_L0,SHS 400x400x12.5
EXT_AS_NZS_SHS_C450_L0,SHS 400x400x16.0
EXT_AS_NZS_SHS_C450_L0,SHS 65x65x1.6
EXT_AS_NZS_SHS_C450_L0,SHS 65x65x2.0
EXT_AS_NZS_SHS_C450_L0,SHS 65x65x2.5
EXT_AS_NZS_SHS_C450_L0,SHS 65x65x3.0
EXT_AS_NZS_SHS_C450_L0,SHS 65x65x4.0
EXT_AS_NZS_SHS_C450_L0,SHS 65x65x5.0
EXT_AS_NZS_SHS_C450_L0,SHS 65x65x6.0
EXT_AS_NZS_SHS_C450_L0,SHS 75x75x2.0
EXT_AS_NZS_SHS_C450_L0,SHS 75x75x2.5
EXT_AS_NZS_SHS_C450_L0,SHS 75x75x3.0
EXT_AS_NZS_SHS_C450_L0,SHS 75x75x3.5
EXT_AS_NZS_SHS_C450_L0,SHS 75x75x4.0
EXT_AS_NZS_SHS_C450_L0,SHS 75x75x5.0
EXT_AS_NZS_SHS_C450_L0,SHS 75x75x6.0
EXT_AS_NZS_SHS_C450_L0,SHS 89x89x2.0
EXT_AS_NZS_SHS_C450_L0,SHS 89x89x3.5
EXT_AS_NZS_SHS_C450_L0,SHS 89x89x5.0
EXT_AS_NZS_SHS_C450_L0,SHS 89x89x6.0
EXT_AS_NZS_SHS_C450_L0,SHS 90x90x2.0
EXT_AS_NZS_SHS_C450_L0,SHS 90x90x2.5
EXT_AS_NZS_Square,SMS10x10
EXT_AS_NZS_Square,SMS12x12
EXT_AS_NZS_Square,SMS14x14
EXT_AS_NZS_Square,SMS16x16
EXT_AS_NZS_Square,SMS18x18
EXT_AS_NZS_Square,SMS19x19
EXT_AS_NZS_Square,SMS20x20
EXT_AS_NZS_Square,SMS25x25
EXT_AS_NZS_Square,SMS28x28
EXT_AS_NZS_Square,SMS32x32
EXT_AS_NZS_Square,SMS35x35
EXT_AS_NZS_Square,SMS40x40
EXT_AS_NZS_SteelTube_P1,HST100/12
EXT_AS_NZS_SteelTube_P1,HST100/15
EXT_AS_NZS_SteelTube_P1,HST100/19
EXT_AS_NZS_SteelTube_P2,HST150/12
EXT_AS_NZS_SteelTube_P2,HST150/15
EXT_AS_NZS_SteelTube_P2,HST150/18
EXT_AS_NZS_SteelTube_P3,HST200/12
EXT_AS_NZS_SteelTube_P3,HST200/15
EXT_AS_NZS_SteelTube_P3,HST200/18
EXT_AS_NZS_SteelTube_P3,HST250/13
EXT_AS_NZS_SteelTube_P3,HST250/15
EXT_AS_NZS_SteelTube_P3,HST250/18
EXT_AS_NZS_SteelTube_P3,HST300/15
EXT_AS_NZS_SteelTube_P3,HST300/18
EXT_AS_NZS_SteelTube_P3,HST350/18
EXT_AS_NZS_SteelTube_P3,HST400/20
EXT_AS_NZS_TFB,TFB 100
EXT_AS_NZS_TFB,TFB 125
EXT_AS_NZS_UA,UA 100x75x10
EXT_AS_NZS_UA,UA 100x75x6
EXT_AS_NZS_UA,UA 100x75x8
EXT_AS_NZS_UA,UA 125x75x10
EXT_AS_NZS_UA,UA 125x75x12
EXT_AS_NZS_UA,UA 125x75x6
EXT_AS_NZS_UA,UA 125x75x8
EXT_AS_NZS_UA,UA 150x100x10
EXT_AS_NZS_UA,UA 150x100x12
EXT_AS_NZS_UA,UA 150x90x10
EXT_AS_NZS_UA,UA 150x90x12
EXT_AS_NZS_UA,UA 150x90x16
EXT_AS_NZS_UA,UA 150x90x8
EXT_AS_NZS_UA,UA 65x50x5
EXT_AS_NZS_UA,UA 65x50x6
EXT_AS_NZS_UA,UA 65x50x8
EXT_AS_NZS_UA,UA 75x50x5
EXT_AS_NZS_UA,UA 75x50x6
EXT_AS_NZS_UA,UA 75x50x8
EXT_AS_NZS_UB,UB 150x14.0
EXT_AS_NZS_UB,UB 150x18.0
EXT_AS_NZS_UB,UB 180x16.1
EXT_AS_NZS_UB,UB 180x18.1
EXT_AS_NZS_UB,UB 180x22.2
EXT_AS_NZS_UB,UB 200x18.2
EXT_AS_NZS_UB,UB 200x18.2_new
EXT_AS_NZS_UB,UB 200x22.3
EXT_AS_NZS_UB,UB 200x25.4
EXT_AS_NZS_UB,UB 200x29.8
EXT_AS_NZS_UB,UB 250x25.7
EXT_AS_NZS_UB,UB 250x31.4
EXT_AS_NZS_UB,UB 250x37.3
EXT_AS_NZS_UB,UB 310x32.0
EXT_AS_NZS_UB,UB 310x40.4
EXT_AS_NZS_UB,UB 310x46.2
EXT_AS_NZS_UB,UB 360x44.7
EXT_AS_NZS_UB,UB 360x50.7
EXT_AS_NZS_UB,UB 360x56.7
EXT_AS_NZS_UB,UB 410x53.7
EXT_AS_NZS_UB,UB 410x59.7
EXT_AS_NZS_UB,UB 460x67.1
EXT_AS_NZS_UB,UB 460x74.6
EXT_AS_NZS_UB,UB 460x82.1
EXT_AS_NZS_UB,UB 530x82.0
EXT_AS_NZS_UB,UB 530x92.4
EXT_AS_NZS_UB,UB 610x101
EXT_AS_NZS_UB,UB 610x113
EXT_AS_NZS_UB,UB 610x125
EXT_AS_NZS_UBP,UBP 200x122
EXT_AS_NZS_UBP,UBP 310x110
EXT_AS_NZS_UBP,UBP 310x149
EXT_AS_NZS_UBP,UBP 310x78.8
EXT_AS_NZS_UC,UC 100x14.8
EXT_AS_NZS_UC,UC 150x23.4
EXT_AS_NZS_UC,UC 150x30.0
EXT_AS_NZS_UC,UC 150x37.2
EXT_AS_NZS_UC,UC 200x46.2
EXT_AS_NZS_UC,UC 200x52.2
EXT_AS_NZS_UC,UC 200x59.5
EXT_AS_NZS_UC,UC 250x72.9
EXT_AS_NZS_UC,UC 250x89.5
EXT_AS_NZS_UC,UC 310x118
EXT_AS_NZS_UC,UC 310x137
EXT_AS_NZS_UC,UC 310x158
EXT_AS_NZS_UC,UC 310x96.8
EXT_AS_NZS_WB,WB 1000x215
EXT_AS_NZS_WB,WB 1000x258
EXT_AS_NZS_WB,WB 1000x296
EXT_AS_NZS_WB,WB 1000x322
EXT_AS_NZS_WB,WB 1200x249
EXT_AS_NZS_WB,WB 1200x278
EXT_AS_NZS_WB,WB 1200x317
EXT_AS_NZS_WB,WB 1200x342
EXT_AS_NZS_WB,WB 1200x392
EXT_AS_NZS_WB,WB 1200x423
EXT_AS_NZS_WB,WB 1200x455
EXT_AS_NZS_WB,WB 700x115
EXT_AS_NZS_WB,WB 700x130
EXT_AS_NZS_WB,WB 700x150
EXT_AS_NZS_WB,WB 700x173
EXT_AS_NZS_WB,WB 800x122
EXT_AS_NZS_WB,WB 800x146
EXT_AS_NZS_WB,WB 800x168
EXT_AS_NZS_WB,WB 800x192
EXT_AS_NZS_WB,WB 900x175
EXT_AS_NZS_WB,WB 900x218
EXT_AS_NZS_WB,WB 900x257
EXT_AS_NZS_WB,WB 900x282
EXT_AS_NZS_WC,WC 350x197
EXT_AS_NZS_WC,WC 350x230
EXT_AS_NZS_WC,WC 350x258
EXT_AS_NZS_WC,WC 350x280
EXT_AS_NZS_WC,WC 400x144
EXT_AS_NZS_WC,WC 400x181
EXT_AS_NZS_WC,WC 400x212
EXT_AS_NZS_WC,WC 400x270
EXT_AS_NZS_WC,WC 400x303
EXT_AS_NZS_WC,WC 400x328
EXT_AS_NZS_WC,WC 400x361
EXT_AS_NZS_WC,WC 500x228
EXT_AS_NZS_WC,WC 500x267
EXT_AS_NZS_WC,WC 500x290
EXT_AS_NZS_WC,WC 500x340
EXT_AS_NZS_WC,WC 500x383
EXT_AS_NZS_WC,WC 500x414
EXT_AS_NZS_WC,WC 500x440
